UID,week,Year,model_code,model_family,start_date,end_date,ret_stock,ret_dos,dbr_stock,dbr_dos,wod,stocking_outlet,activating_outlet,plc_factor,tertiary,seasonality_1,seasonality_2
12024,1,2024,A1_JOSH_BOL,JOSH,,,534506,77.31417118,185601,26.84644791,11867,77833,17699,100,48394,0.106293486,0.9943348
12024,1,2024,LAVA_A3VIBE,A3,,,201237,79.14259228,73650,28.9651104,7370,49115,8403,100,17799,0.106293486,0.9943348
12024,1,2024,LF7002_A7_TORCH,A7,,,138301,98.20521404,45092,32.01907081,4155,46640,6291,100,9858,0.106293486,0.9943348
22024,2,2024,A1_JOSH_BOL,JOSH,,,547447,76.86086486,181882,25.53600225,13612,78235,18360,100,49858,0.211382624,0.97740339
22024,2,2024,LAVA_A3VIBE,A3,,,209430,81.12051793,75426,29.21547145,8694,50570,8696,100,18072,0.211382624,0.97740339
22024,2,2024,LF7002_A7_TORCH,A7,,,143535,98.94091581,42955,29.60955194,5672,46880,6406,100,10155,0.211382624,0.97740339
32024,3,2024,A1_JOSH_BOL,JOSH,,,546396,78.06135069,166340,23.7643121,11294,78473,18092,100,48997,0.314076712,0.949397608
32024,3,2024,LAVA_A3VIBE,A3,,,214129,83.24464068,68116,26.48072865,7203,51651,8699,100,18006,0.314076712,0.949397608
32024,3,2024,LF7002_A7_TORCH,A7,,,145213,101.1433831,41072,28.60736318,4573,47034,6424,100,10050,0.314076712,0.949397608
42024,4,2024,A1_JOSH_BOL,JOSH,,,544042,81.60921461,184131,27.62063645,8821,78577,17371,100,46665,0.413212186,0.910634773
42024,4,2024,LAVA_A3VIBE,A3,,,217963,90.6937526,76013,31.62878202,5688,52019,8307,100,16823,0.413212186,0.910634773
42024,4,2024,LF7002_A7_TORCH,A7,,,146199,111.1779468,40945,31.13688213,3617,46872,5954,100,9205,0.413212186,0.910634773
52024,5,2024,A1_JOSH_BOL,JOSH,,,567595,81.15842905,188646,26.97383347,8029,79683,9846,100,20981,0.5076658,0.861554081
52024,5,2024,LAVA_A3VIBE,A3,,,228395,86.65549513,81122,30.77855065,4883,53335,4657,100,7907,0.5076658,0.861554081
52024,5,2024,LF7002_A7_TORCH,A7,,,151051,110.4981712,41994,30.71982443,2809,47308,3071,100,4101,0.5076658,0.861554081
62024,6,2024,A1_JOSH_BOL,JOSH,,,558458,78.58648279,208943,29.40256111,11649,79433,18182,100,49744,0.596367359,0.802711638
62024,6,2024,LAVA_A3VIBE,A3,,,226638,83.30091888,78822,28.97106852,4283,52509,8868,100,19045,0.596367359,0.802711638
62024,6,2024,LF7002_A7_TORCH,A7,,,149910,103.4269663,37233,25.68805441,2832,46496,6392,100,10146,0.596367359,0.802711638
72024,7,2024,A1_JOSH_BOL,JOSH,,,564741,78.9248323,198424,27.73055422,17462,80822,18627,100,50088,0.678311836,0.734774151
72024,7,2024,LAVA_A3VIBE,A3,,,227939,84.40398857,78452,29.05014812,4802,52146,8858,100,18904,0.678311836,0.734774151
72024,7,2024,LF7002_A7_TORCH,A7,,,148753,104.1375138,32857,23.00220022,2749,45831,6237,100,9999,0.678311836,0.734774151
82024,8,2024,A1_JOSH_BOL,JOSH,,,565253,78.80287188,171512,23.91077652,12815,81850,19006,100,50211,0.75257077,0.658511379
82024,8,2024,LAVA_A3VIBE,A3,,,228559,83.7124843,75655,27.70955421,3866,51536,8795,100,19112,0.75257077,0.658511379
82024,8,2024,LF7002_A7_TORCH,A7,,,147476,108.3813123,35695,26.23254593,2250,45186,6002,100,9525,0.75257077,0.658511379
92024,9,2024,A1_JOSH_BOL,JOSH,,,592267,84.9650374,168922,24.23309765,26614,87335,19850,100,48795,0.818302776,0.57478741
92024,9,2024,LAVA_A3VIBE,A3,,,233190,87.74552492,80122,30.14857819,4645,51193,8539,100,18603,0.818302776,0.57478741
92024,9,2024,LF7002_A7_TORCH,A7,,,148514,111.1037726,37246,27.86384525,2683,44640,5861,100,9357,0.818302776,0.57478741
102024,10,2024,A1_JOSH_BOL,JOSH,,,602316,85.09692003,169982,24.01554111,3887,88174,4735,100,7078,0.874763085,0.48455087
102024,10,2024,LAVA_A3VIBE,A3,,,239096,88.55407407,81821,30.30407407,1586,51539,1947,100,2700,0.874763085,0.48455087
102024,10,2024,LF7002_A7_TORCH,A7,,,150129,110.5515464,36456,26.84536082,693,44683,1133,100,1358,0.874763085,0.48455087
112024,11,2024,A1_JOSH_BOL,JOSH,,,595703,81.39131029,169931,23.21778932,15696,87904,20600,100,51233,0.921311978,0.388824175
112024,11,2024,LAVA_A3VIBE,A3,,,237880,83.27465493,87741,30.7154931,4108,50741,8785,100,19996,0.921311978,0.388824175
112024,11,2024,LF7002_A7_TORCH,A7,,,148299,106.5366379,33509,24.07255747,2357,43944,5922,100,9744,0.921311978,0.388824175
122024,12,2024,A1_JOSH_BOL,JOSH,,,596748,84.68800811,203954,28.94430816,18139,88107,20570,100,49325,0.957422038,0.288691947
122024,12,2024,LAVA_A3VIBE,A3,,,241731,87.70626652,101393,36.78800601,4412,50263,8379,100,19293,0.957422038,0.288691947
122024,12,2024,LF7002_A7_TORCH,A7,,,146916,112.7150373,32616,25.02323542,2293,43315,5549,100,9124,0.957422038,0.288691947
132024,13,2024,A1_JOSH_BOL,JOSH,,,602003,87.51860852,158464,23.03734164,15995,89073,20830,100,48150,0.982684125,0.185288724
132024,13,2024,LAVA_A3VIBE,A3,,,245237,89.04756718,86353,31.35548293,4196,49941,8305,100,19278,0.982684125,0.185288724
132024,13,2024,LF7002_A7_TORCH,A7,,,147018,115.6451287,32890,25.87144623,2580,42881,5388,100,8899,0.982684125,0.185288724
142024,14,2024,A1_JOSH_BOL,JOSH,,,599088,92.72372698,175519,27.16591859,10507,89477,19909,100,45227,0.996812007,0.079786106
142024,14,2024,LAVA_A3VIBE,A3,,,244798,92.40649267,83325,31.45356989,3525,49588,7976,100,18544,0.996812007,0.079786106
142024,14,2024,LF7002_A7_TORCH,A7,,,147196,120.3283896,31728,25.93670443,2126,42391,5187,100,8563,0.996812007,0.079786106
152024,15,2024,A1_JOSH_BOL,JOSH,,,610725,93.15512508,213864,32.62111043,4563,89493,10708,100,19668,0.999645611,-0.026620521
152024,15,2024,LAVA_A3VIBE,A3,,,249774,94.52781632,81853,30.9775451,2393,49694,4419,100,7927,0.999645611,-0.026620521
152024,15,2024,LF7002_A7_TORCH,A7,,,147875,122.3793103,33057,27.35751724,1118,42342,2604,100,3625,0.999645611,-0.026620521
162024,16,2024,A1_JOSH_BOL,JOSH,,,602714,86.51337995,183864,26.39178133,10525,88592,20664,100,48767,0.991152831,-0.132725527
162024,16,2024,LAVA_A3VIBE,A3,,,247613,88.93688747,76853,27.6038278,5354,49577,8382,100,19489,0.991152831,-0.132725527
162024,16,2024,LF7002_A7_TORCH,A7,,,146591,116.1971464,32000,25.36519081,3136,42125,5333,100,8831,0.991152831,-0.132725527
172024,17,2024,A1_JOSH_BOL,JOSH,,,600677,86.30593814,163864,23.54416142,15558,88401,20697,100,48719,0.971429893,-0.2373267
172024,17,2024,LAVA_A3VIBE,A3,,,250276,89.83345298,71853,25.79073941,7647,50544,8408,100,19502,0.971429893,-0.2373267
172024,17,2024,LF7002_A7_TORCH,A7,,,146782,111.5485832,31500,23.93876886,3793,42285,5541,100,9211,0.971429893,-0.2373267
182024,18,2024,A1_JOSH_BOL,JOSH,,,613932,83.95569274,162964,22.28545753,15536,88687,21215,100,51188,0.940700267,-0.339238866
182024,18,2024,LAVA_A3VIBE,A3,,,257240,86.89701766,78874,26.6440498,7997,51807,8734,100,20722,0.940700267,-0.339238866
182024,18,2024,LF7002_A7_TORCH,A7,,,149998,113.4506753,34315,25.95407888,4492,42877,5522,100,9255,0.940700267,-0.339238866
192024,19,2024,A1_JOSH_BOL,JOSH,,,592856,77.3977881,192383,25.11574255,11517,87882,21813,100,53619,0.89931213,-0.43730732
192024,19,2024,LAVA_A3VIBE,A3,,,256344,82.28964505,83422,26.77951023,5935,52021,9315,100,21806,0.89931213,-0.43730732
192024,19,2024,LF7002_A7_TORCH,A7,,,150339,111.3857959,30322,22.46549534,3523,43093,5670,100,9448,0.89931213,-0.43730732
202024,20,2024,A1_JOSH_BOL,JOSH,,,595355,74.52650685,179433,22.46141328,4921,87933,8896,100,15977,0.847734428,-0.530420908
202024,20,2024,LAVA_A3VIBE,A3,,,258186,79.5642527,79455,24.4853621,2609,52354,3926,100,6490,0.847734428,-0.530420908
202024,20,2024,LF7002_A7_TORCH,A7,,,150685,107.9792189,26667,19.10927983,1079,42997,2120,100,2791,0.847734428,-0.530420908
212024,21,2024,A1_JOSH_BOL,JOSH,,,580304,72.09001207,150614,18.71047775,13290,87025,22267,100,56348,0.786551556,-0.617524615
212024,21,2024,LAVA_A3VIBE,A3,,,255516,76.69862779,64807,19.45321612,7360,52555,9979,100,23320,0.786551556,-0.617524615
212024,21,2024,LF7002_A7_TORCH,A7,,,147964,103.1518773,19772,13.78388607,3447,42955,5938,100,10041,0.786551556,-0.617524615
222024,22,2024,A1_JOSH_BOL,JOSH,,,571362,67.28917528,119892,14.11965409,14421,86412,23421,100,59438,0.71645674,-0.697631521
222024,22,2024,LAVA_A3VIBE,A3,,,252962,73.59965086,52454,15.26156532,7631,52910,10559,100,24059,0.71645674,-0.697631521
222024,22,2024,LF7002_A7_TORCH,A7,,,143734,96.09723018,13951,9.327316141,2850,42655,6263,100,10470,0.71645674,-0.697631521
232024,23,2024,A1_JOSH_BOL,JOSH,,,570386,67.52413327,119862,14.18964992,12247,85831,23433,100,59130,0.638244184,-0.769833983
232024,23,2024,LAVA_A3VIBE,A3,,,254210,71.74125141,54525,15.38763909,7195,53304,11010,100,24804,0.638244184,-0.769833983
232024,23,2024,LF7002_A7_TORCH,A7,,,138439,96.15727327,14047,9.756796984,1900,41949,6262,100,10078,0.638244184,-0.769833983
242024,24,2024,A1_JOSH_BOL,JOSH,,,571636,71.88064957,122688,15.42746282,11387,85660,22665,100,55668,0.552800065,-0.833313919
242024,24,2024,LAVA_A3VIBE,A3,,,253945,74.30258318,49049,14.35140445,6215,53574,10913,100,23924,0.552800065,-0.833313919
242024,24,2024,LF7002_A7_TORCH,A7,,,139495,107.8966851,24644,19.06165746,3269,41979,5598,100,9050,0.552800065,-0.833313919
252024,25,2024,A1_JOSH_BOL,JOSH,,,577059,73.50445822,131015,16.68839164,6167,85878,12477,100,23552,0.461092501,-0.887352075
252024,25,2024,LAVA_A3VIBE,A3,,,254088,75.13691474,45640,13.4963036,3269,53966,5943,100,10145,0.461092501,-0.887352075
252024,25,2024,LF7002_A7_TORCH,A7,,,141803,107.4265152,25045,18.97348485,1940,42109,2951,100,3960,0.461092501,-0.887352075
262024,26,2024,A1_JOSH_BOL,JOSH,,,565995,70.40114079,140015,17.41572934,12293,85191,22629,100,56277,0.364160575,-0.931336177
262024,26,2024,LAVA_A3VIBE,A3,,,244798,72.95270126,43607,12.9954021,5581,53513,10931,100,23489,0.364160575,-0.931336177
262024,26,2024,LF7002_A7_TORCH,A7,,,140532,101.1437384,21659,15.58842278,3616,42104,6016,100,9726,0.364160575,-0.931336177
272024,27,2024,A1_JOSH_BOL,JOSH,,,556916,65.30550297,146374,17.16421811,14584,85064,23683,100,59695,0.263102564,-0.964767869
272024,27,2024,LAVA_A3VIBE,A3,,,236263,68.96176299,50086,14.6193812,6489,53442,11394,100,23982,0.263102564,-0.964767869
272024,27,2024,LF7002_A7_TORCH,A7,,,138307,94.6659822,25878,17.71252567,3472,42102,6260,100,10227,0.263102564,-0.964767869
282024,28,2024,A1_JOSH_BOL,JOSH,,,555129,65.20846758,130608,15.34192509,12742,84942,23795,100,59592,0.159063496,-0.987268355
282024,28,2024,LAVA_A3VIBE,A3,,,234257,68.27375302,47919,13.96590057,6576,53575,11388,100,24018,0.159063496,-0.987268355
282024,28,2024,LF7002_A7_TORCH,A7,,,137750,93.72569984,27077,18.42330871,3907,42285,6266,100,10288,0.159063496,-0.987268355
292024,29,2024,A1_JOSH_BOL,JOSH,,,553735,62.80616048,136650,15.49922224,11310,84601,24088,100,61716,0.053222175,-0.998582696
292024,29,2024,LAVA_A3VIBE,A3,,,234694,64.64127484,61530,16.9470785,6498,53354,11871,100,25415,0.053222175,-0.998582696
292024,29,2024,LF7002_A7_TORCH,A7,,,138878,88.15252086,28407,18.031284,4197,42560,6689,100,11028,0.053222175,-0.998582696
302024,30,2024,A1_JOSH_BOL,JOSH,,,548937,67.42041268,159749,19.62036355,3272,84729,9414,100,16284,-0.053222175,-0.998582696
302024,30,2024,LAVA_A3VIBE,A3,,,233675,66.11260433,81968,23.19083322,1784,53423,4616,100,7069,-0.053222175,-0.998582696
302024,30,2024,LF7002_A7_TORCH,A7,,,138323,88.21619898,31814,20.28954082,925,42530,2397,100,3136,-0.053222175,-0.998582696
312024,31,2024,A1_JOSH_BOL,JOSH,,,541047,61.57457566,133350,15.17607466,13367,83976,24213,100,61508,-0.159063496,-0.987268355
312024,31,2024,LAVA_A3VIBE,A3,,,232153,61.19642252,70820,18.66842403,9313,53765,12343,100,26555,-0.159063496,-0.987268355
312024,31,2024,LF7002_A7_TORCH,A7,,,137830,82.44829944,29050,17.37737139,4801,42748,7066,100,11702,-0.159063496,-0.987268355
322024,32,2024,A1_JOSH_BOL,JOSH,,,556654,61.39533931,132987,14.66760679,15496,83620,25151,100,63467,-0.263102564,-0.964767869
322024,32,2024,LAVA_A3VIBE,A3,,,232914,56.78059483,57589,14.03924915,8277,53906,12859,100,28714,-0.263102564,-0.964767869
322024,32,2024,LF7002_A7_TORCH,A7,,,138017,80.12265716,26257,15.24290927,4708,42916,7180,100,12058,-0.263102564,-0.964767869
332024,33,2024,A1_JOSH_BOL,JOSH,,,561797,64.88975975,105534,12.18959145,12348,83672,25433,100,60604,-0.364160575,-0.931336177
332024,33,2024,LAVA_A3VIBE,A3,,,230083,59.38720501,60122,15.51821534,6191,53654,12521,100,27120,-0.364160575,-0.931336177
332024,33,2024,LF7002_A7_TORCH,A7,,,136971,83.97241198,27086,16.60553512,3932,42946,7041,100,11418,-0.364160575,-0.931336177
342024,34,2024,A1_JOSH_BOL,JOSH,,,549124,65.87154265,108647,13.03302259,9544,83598,24557,100,58354,-0.461092501,-0.887352075
342024,34,2024,LAVA_A3VIBE,A3,,,235443,62.68212072,66847,17.79671395,7500,54246,12167,100,26293,-0.461092501,-0.887352075
342024,34,2024,LF7002_A7_TORCH,A7,,,138446,88.13404874,24177,15.39096035,4658,43399,6827,100,10996,-0.461092501,-0.887352075
352024,35,2024,A1_JOSH_BOL,JOSH,,,549016,69.5632048,144054,18.25239684,5503,84065,13299,100,23677,-0.552800065,-0.833313919
352024,35,2024,LAVA_A3VIBE,A3,,,238948,66.88225415,71710,20.07184176,3368,54694,6270,100,10718,-0.552800065,-0.833313919
352024,35,2024,LF7002_A7_TORCH,A7,,,138626,91.06152836,28598,18.78563608,1609,43542,3284,100,4567,-0.552800065,-0.833313919
352024,35,2024,YUVA_STAR,YUVA,,,9897,22.85681293,12718,29.37182448,4363,9897,807,100,1299,-0.552800065,-0.833313919
362024,36,2024,A1_JOSH_BOL,JOSH,,,541244,68.21584444,139231,17.54801945,12128,83727,23722,100,55540,-0.638244184,-0.769833983
362024,36,2024,LAVA_A3VIBE,A3,,,238200,65.63791678,74113,20.42243042,8260,54978,11732,100,25403,-0.638244184,-0.769833983
362024,36,2024,LF7002_A7_TORCH,A7,,,137560,88.63402062,35612,22.94587629,3994,43422,6879,100,10864,-0.638244184,-0.769833983
362024,36,2024,YUVA_STAR,YUVA,,,20340,35.86397985,14742,25.99345088,7048,20340,2757,100,3970,-0.638244184,-0.769833983
372024,37,2024,A1_JOSH_BOL,JOSH,,,543698,70.55645984,148014,19.2079865,18168,84844,23853,100,53941,-0.71645674,-0.697631521
372024,37,2024,LAVA_A3VIBE,A3,,,245822,70.10323474,66762,19.03911024,12619,57251,12297,100,24546,-0.71645674,-0.697631521
372024,37,2024,LF7002_A7_TORCH,A7,,,141153,91.72586335,33164,21.5510583,6602,44718,6747,100,10772,-0.71645674,-0.697631521
372024,37,2024,YUVA_STAR,YUVA,,,25557,30.77038184,12060,14.52012384,5046,25557,4214,100,5814,-0.71645674,-0.697631521
382024,38,2024,A1_JOSH_BOL,JOSH,,,543128,68.62999801,140928,17.80775132,13424,85368,23932,100,55397,-0.786551556,-0.617524615
382024,38,2024,LAVA_A3VIBE,A3,,,245528,66.27703224,66902,18.05930896,8784,58285,12877,100,25932,-0.786551556,-0.617524615
382024,38,2024,LF7002_A7_TORCH,A7,,,141727,88.31914894,28108,17.51589068,4625,45196,6947,100,11233,-0.786551556,-0.617524615
382024,38,2024,YUVA_STAR,YUVA,,,31873,35.6122905,11371,12.70502793,6302,31873,4744,100,6265,-0.786551556,-0.617524615
392024,39,2024,A1_JOSH_BOL,JOSH,,,548938,68.34752139,132145,16.45319365,14923,86404,24199,100,56221,-0.847734428,-0.530420908
392024,39,2024,LAVA_A3VIBE,A3,,,250894,68.19360099,62264,16.92350703,10101,60003,12859,100,25754,-0.847734428,-0.530420908
392024,39,2024,LF7002_A7_TORCH,A7,,,142762,93.65829428,29705,19.48781631,4415,45705,6755,100,10670,-0.847734428,-0.530420908
392024,39,2024,YUVA_STAR,YUVA,,,35902,87.81062194,9694,23.70999301,3699,35902,2451,100,2862,-0.847734428,-0.530420908
402024,40,2024,A1_JOSH_BOL,JOSH,,,553381,73.55529464,132027,17.5490031,8595,87864,12843,100,22570,-0.89931213,-0.43730732
402024,40,2024,LAVA_A3VIBE,A3,,,254956,72.75449444,63435,18.10187387,5414,61552,6738,100,10513,-0.89931213,-0.43730732
402024,40,2024,LF7002_A7_TORCH,A7,,,144001,99.40243902,35177,24.28232858,2331,46227,3235,100,4346,-0.89931213,-0.43730732
402024,40,2024,YUVA_STAR,YUVA,,,35858,13.88768397,14354,5.55925639,4326,35858,5895,100,7746,-0.89931213,-0.43730732
412024,41,2024,A1_JOSH_BOL,JOSH,,,553791,72.85217342,171279,22.53205164,18466,87819,23806,100,53211,-0.940700267,-0.339238866
412024,41,2024,LAVA_A3VIBE,A3,,,257683,72.8623768,75159,21.25193892,12103,62136,13089,100,24756,-0.940700267,-0.339238866
412024,41,2024,LF7002_A7_TORCH,A7,,,148816,97.511186,43107,28.2457175,7003,47159,6822,100,10683,-0.940700267,-0.339238866
412024,41,2024,YUVA_STAR,YUVA,,,39611,32.86830251,14679,12.18029872,7679,39611,6502,100,8436,-0.940700267,-0.339238866
422024,42,2024,A1_JOSH_BOL,JOSH,,,567079,74.1418192,172531,22.55728427,22650,88949,24821,100,53540,-0.971429893,-0.2373267
422024,42,2024,LAVA_A3VIBE,A3,,,262621,73.95691355,76644,21.58377922,12557,63325,13469,100,24857,-0.971429893,-0.2373267
422024,42,2024,LF7002_A7_TORCH,A7,,,153305,98.78808801,38871,25.04805302,7219,48462,6992,100,10863,-0.971429893,-0.2373267
422024,42,2024,YUVA_STAR,YUVA,,,40386,34.27106316,11258,9.553400412,5674,40386,6540,100,8249,-0.971429893,-0.2373267
432024,43,2024,A1_JOSH_BOL,JOSH,,,573725,76.70852832,189902,25.39039251,15412,89346,24184,100,52355,-0.991152831,-0.132725527
432024,43,2024,LAVA_A3VIBE,A3,,,265519,76.78397918,86599,25.04308849,9023,63716,13289,100,24206,-0.991152831,-0.132725527
432024,43,2024,LF7002_A7_TORCH,A7,,,155788,104.3755743,38967,26.10729326,4995,48874,6738,100,10448,-0.991152831,-0.132725527
432024,43,2024,YUVA_STAR,YUVA,,,40539,37.91729022,10154,9.497327632,5203,40539,6013,100,7484,-0.991152831,-0.132725527
442024,44,2024,A1_JOSH_BOL,JOSH,,,597131,84.46836415,205256,29.03489946,13540,89909,23108,100,49485,-0.999645611,-0.026620521
442024,44,2024,LAVA_A3VIBE,A3,,,272141,83.68051834,98485,30.28311004,8238,64150,12527,100,22765,-0.999645611,-0.026620521
442024,44,2024,LF7002_A7_TORCH,A7,,,161171,112.8648459,51225,35.87184874,5285,49575,6499,100,9996,-0.999645611,-0.026620521
442024,44,2024,YUVA_STAR,YUVA,,,41016,143.6996997,9733,34.0995996,1721,41016,1800,100,1998,-0.999645611,-0.026620521
452024,45,2024,A1_JOSH_BOL,JOSH,,,599232,88.72253479,194624,28.81610897,3824,90505,8588,100,13508,-0.996812007,0.079786106
452024,45,2024,LAVA_A3VIBE,A3,,,272438,89.61776316,94893,31.21480263,2076,64508,4278,100,6080,-0.996812007,0.079786106
452024,45,2024,LF7002_A7_TORCH,A7,,,162371,121.9001502,52686,39.55405405,1363,49762,2034,100,2664,-0.996812007,0.079786106
452024,45,2024,YUVA_STAR,YUVA,,,38485,10.3011242,10418,2.788543897,2929,38485,5993,100,7472,-0.996812007,0.079786106
462024,46,2024,A1_JOSH_BOL,JOSH,,,601737,84.52210294,172739,24.26352965,18103,90447,23026,100,49835,-0.982684125,0.185288724
462024,46,2024,LAVA_A3VIBE,A3,,,276629,82.1136036,84274,25.01560512,12386,64992,12849,100,23582,-0.982684125,0.185288724
462024,46,2024,LF7002_A7_TORCH,A7,,,167162,108.9307392,55856,36.39843605,7183,50761,6878,100,10742,-0.982684125,0.185288724
462024,46,2024,YUVA_STAR,YUVA,,,39671,33.20145863,12479,10.44392635,6948,39671,6606,100,8364,-0.982684125,0.185288724
472024,47,2024,A1_JOSH_BOL,JOSH,,,598225,82.66527824,148922,20.57867619,14924,90494,23286,100,50657,-0.957422038,0.288691947
472024,47,2024,LAVA_A3VIBE,A3,,,279792,81.15289633,73515,21.32282257,9781,65331,13162,100,24134,-0.957422038,0.288691947
472024,47,2024,LF7002_A7_TORCH,A7,,,172008,107.8613276,51563,32.33369166,6618,51646,7122,100,11163,-0.957422038,0.288691947
472024,47,2024,YUVA_STAR,YUVA,,,42198,41.01444043,14938,14.51902249,5496,42198,5789,100,7202,-0.957422038,0.288691947
482024,48,2024,A1_JOSH_BOL,JOSH,,,596463,85.91738003,129829,18.7011894,13599,90787,22748,100,48596,-0.921311978,0.388824175
482024,48,2024,LAVA_A3VIBE,A3,,,284486,88.49495623,65891,20.49668933,9542,66097,12522,100,22503,-0.921311978,0.388824175
482024,48,2024,LF7002_A7_TORCH,A7,,,177596,113.1081794,46525,29.63106178,6515,52781,7064,100,10991,-0.921311978,0.388824175
482024,48,2024,YUVA_STAR,YUVA,,,46364,44.92635659,13696,13.27131783,6664,46364,5717,100,7224,-0.921311978,0.388824175
492024,49,2024,A1_JOSH_BOL,JOSH,,,587289,103.5313539,110031,19.39702327,8907,90767,19573,100,39708,-0.874763085,0.48455087
492024,49,2024,LAVA_A3VIBE,A3,,,285877,104.5363318,56108,20.51695137,6783,66555,11063,100,19143,-0.874763085,0.48455087
492024,49,2024,LF7002_A7_TORCH,A7,,,179799,128.5196569,34014,24.31308077,4941,53398,6302,100,9793,-0.874763085,0.48455087
492024,49,2024,YUVA_STAR,YUVA,,,46187,44.81688384,12207,11.84488495,4094,46187,5656,100,7214,-0.874763085,0.48455087
502024,50,2024,A1_JOSH_BOL,JOSH,,,578842,88.0993354,106467,16.2042007,3342,90852,11743,100,19711,-0.818302776,0.57478741
502024,50,2024,LAVA_A3VIBE,A3,,,282021,81.92727801,54011,15.6902295,2117,66469,6752,100,10327,-0.818302776,0.57478741
502024,50,2024,LF7002_A7_TORCH,A7,,,178065,94.88365897,31589,16.83250444,1439,53316,3953,100,5630,-0.818302776,0.57478741
502024,50,2024,YUVA_STAR,YUVA,,,41512,13.60008736,13481,4.416621164,2448,41512,6984,100,9157,-0.818302776,0.57478741
512024,51,2024,A1_JOSH_BOL,JOSH,,,558954,92.72627737,96944,16.08228268,6656,89924,20791,100,42196,-0.75257077,0.658511379
512024,51,2024,LAVA_A3VIBE,A3,,,272943,94.06730343,48882,16.8467333,4443,65454,11638,100,20311,-0.75257077,0.658511379
512024,51,2024,LF7002_A7_TORCH,A7,,,173604,112.1990583,25689,16.6026221,2920,52754,6902,100,10831,-0.75257077,0.658511379
512024,51,2024,YUVA_STAR,YUVA,,,42060,39.07884258,14897,13.84112025,4743,42060,5919,100,7534,-0.75257077,0.658511379
522024,52,2024,A1_JOSH_BOL,JOSH,,,544948,101.2376858,91490,16.99654989,8426,89263,19297,100,37680,-0.678311836,0.734774151
522024,52,2024,LAVA_A3VIBE,A3,,,267035,104.6316821,40838,16.00145536,4643,64846,10559,100,17865,-0.678311836,0.734774151
522024,52,2024,LF7002_A7_TORCH,A7,,,170352,131.5314361,20707,15.98819766,2613,52379,6154,100,9066,-0.678311836,0.734774151
522024,52,2024,YUVA_STAR,YUVA,,,41909,38.71245711,12608,11.64634468,4289,41909,5937,100,7578,-0.678311836,0.734774151
532024,53,2024,A1_JOSH_BOL,JOSH,,,530928,110.5113292,80276,16.7092477,6596,88641,17969,100,33630,-0.596367359,0.802711638
532024,53,2024,LAVA_A3VIBE,A3,,,259791,114.4237715,34077,15.00906059,3506,64270,9661,100,15893,-0.596367359,0.802711638
532024,53,2024,LF7002_A7_TORCH,A7,,,166676,149.3895006,17295,15.50128041,1622,51883,5473,100,7810,-0.596367359,0.802711638
532024,53,2024,YUVA_STAR,YUVA,,,42315,41.22546973,11771,11.46791928,4864,42315,5651,100,7185,-0.596367359,0.802711638
542024,54,2024,A1_JOSH_BOL,JOSH,,,517937,123.59158,72516,17.30397137,5177,87998,16219,100,29335,-0.5076658,0.861554081
542024,54,2024,LAVA_A3VIBE,A3,,,252737,128.2463936,27999,14.20753896,2373,63598,8766,100,13795,-0.5076658,0.861554081
542024,54,2024,LF7002_A7_TORCH,A7,,,162925,171.165391,14838,15.58847366,1322,51373,4805,100,6663,-0.5076658,0.861554081
542024,54,2024,YUVA_STAR,YUVA,,,42785,146.4523227,11251,38.51198044,2044,42785,1814,100,2045,-0.5076658,0.861554081
552024,55,2024,A1_JOSH_BOL,JOSH,,,514940,134.0291515,73354,19.09266007,1853,87922,5533,100,7684,-0.413212186,0.910634773
552024,55,2024,LAVA_A3VIBE,A3,,,250718,139.2490975,27251,15.13524021,814,63499,2793,100,3601,-0.413212186,0.910634773
552024,55,2024,LF7002_A7_TORCH,A7,,,161866,184.9897143,14556,16.63542857,353,51260,1457,100,1750,-0.413212186,0.910634773
552024,55,2024,YUVA_STAR,YUVA,,,40634,11.06439755,10640,2.897208986,3520,40634,5847,100,7345,-0.413212186,0.910634773
562024,56,2024,A1_JOSH_BOL,JOSH,,,502418,128.1258334,71202,18.15781996,5455,87233,15488,100,27449,-0.314076712,0.949397608
562024,56,2024,LAVA_A3VIBE,A3,,,242915,135.609299,22519,12.57141718,1917,62703,8083,100,12539,-0.314076712,0.949397608
562024,56,2024,LF7002_A7_TORCH,A7,,,157642,179.5174882,12676,14.43500895,914,50663,4487,100,6147,-0.314076712,0.949397608
562024,56,2024,YUVA_STAR,YUVA,,,41439,42.1189197,9899,10.06142007,6494,41439,5582,100,6887,-0.314076712,0.949397608
572024,57,2024,A1_JOSH_BOL,JOSH,,,492058,136.7587549,76623,21.29599778,5246,86633,14580,100,25186,-0.211382624,0.97740339
572024,57,2024,LAVA_A3VIBE,A3,,,235726,148.175467,18937,11.90364583,1697,61871,7414,100,11136,-0.211382624,0.97740339
572024,57,2024,LF7002_A7_TORCH,A7,,,153810,192.91704,11386,14.28095323,750,50107,4163,100,5581,-0.211382624,0.97740339
572024,57,2024,YUVA_STAR,YUVA,,,39100,41.25094197,9175,9.679728711,3295,39100,5475,100,6635,-0.211382624,0.97740339
582024,58,2024,A1_JOSH_BOL,JOSH,,,484137,145.0194274,70484,21.11292738,5127,86178,13797,100,23369,-0.106293486,0.9943348
582024,58,2024,LAVA_A3VIBE,A3,,,228494,154.2984758,16324,11.02334555,1391,61118,7004,100,10366,-0.106293486,0.9943348
582024,58,2024,LF7002_A7_TORCH,A7,,,150534,210.8741245,9890,13.85431259,729,49589,3852,100,4997,-0.106293486,0.9943348
582024,58,2024,YUVA_STAR,YUVA,,,36552,44.76277117,11602,14.20818754,2336,36552,4723,100,5716,-0.106293486,0.9943348
592024,59,2024,A1_JOSH_BOL,JOSH,,,475704,162.1823495,71894,24.5109098,4344,85645,12556,100,20532,-2.45E-16,1
592024,59,2024,LAVA_A3VIBE,A3,,,222155,180.3833662,14519,11.7890036,1007,60442,6061,100,8621,-2.45E-16,1
592024,59,2024,LF7002_A7_TORCH,A7,,,147342,235.9629375,8909,14.26744452,535,49110,3415,100,4371,-2.45E-16,1
592024,59,2024,YUVA_STAR,YUVA,,,35906,112.20625,11455,35.796875,1428,35906,1980,100,2240,-2.45E-16,1
602024,60,2024,A1_JOSH_BOL,JOSH,,,473407,173.2822108,69802,25.54978038,2333,85645,5936,100,8196,0.106293486,0.9943348
602024,60,2024,LAVA_A3VIBE,A3,,,220073,199.161086,13434,12.15746606,572,60238,2714,100,3315,0.106293486,0.9943348
602024,60,2024,LF7002_A7_TORCH,A7,,,146242,263.3409364,8509,15.32232893,234,48954,1434,100,1666,0.106293486,0.9943348
12025,1,2025,A1_JOSH_BOL,JOSH,,,469264,165.7340061,78902,27.86649849,6166,85278,12286,100,19820,0.106293486,0.9943348
12025,1,2025,LAVA_A3VIBE,A3,,,214072,197.067859,12276,11.30089427,993,59514,5575,100,7604,0.106293486,0.9943348
12025,1,2025,LF7002_A7_TORCH,A7,,,143148,240.4694024,7616,12.79385649,639,48491,3347,100,4167,0.106293486,0.9943348
12025,1,2025,YUVA_STAR,YUVA,,,34332,42.44507241,12310,15.21900389,3048,34332,4683,100,5662,0.106293486,0.9943348
22025,2,2025,A1_JOSH_BOL,JOSH,,,467690,172.1528106,87307,32.1369827,7850,85098,11871,100,19017,0.211382624,0.97740339
22025,2,2025,LAVA_A3VIBE,A3,,,208645,200.2351248,10972,10.52975048,938,58846,5381,100,7294,0.211382624,0.97740339
22025,2,2025,LF7002_A7_TORCH,A7,,,140451,260.5769944,6835,12.68089054,569,48006,3051,100,3773,0.211382624,0.97740339
22025,2,2025,YUVA_STAR,YUVA,,,35980,43.89334263,10786,13.15824329,5990,35980,4694,100,5738,0.211382624,0.97740339
32025,3,2025,A1_JOSH_BOL,JOSH,,,469119,166.7428151,71258,25.32781558,7755,85181,12149,100,19694,0.314076712,0.949397608
32025,3,2025,LAVA_A3VIBE,A3,,,203538,208.3905222,9501,9.727512067,816,58215,5136,100,6837,0.314076712,0.949397608
32025,3,2025,LF7002_A7_TORCH,A7,,,137835,274.2595225,6235,12.4061967,530,47577,2890,100,3518,0.314076712,0.949397608
32025,3,2025,YUVA_STAR,YUVA,,,35236,46.15494012,9848,12.8997006,3562,35236,4510,100,5344,0.314076712,0.949397608
42025,4,2025,A1_JOSH_BOL,JOSH,,,464337,170.2204242,81866,30.01110238,5254,84979,11918,100,19095,0.413212186,0.910634773
42025,4,2025,LAVA_A3VIBE,A3,,,198727,230.1984114,9280,10.74962767,487,57590,4674,100,6043,0.413212186,0.910634773
42025,4,2025,LF7002_A7_TORCH,A7,,,135661,290.0510079,8688,18.57544288,571,47203,2727,100,3274,0.413212186,0.910634773
42025,4,2025,YUVA_STAR,YUVA,,,34371,52.53209607,10897,16.65480349,2686,34371,3929,100,4580,0.413212186,0.910634773
52025,5,2025,A1_JOSH_BOL,JOSH,,,464520,175.7326608,91267,34.52723834,3410,85072,5716,100,7930,0.5076658,0.861554081
52025,5,2025,LAVA_A3VIBE,A3,,,197273,257.8732026,8568,11.2,333,57376,1947,100,2295,0.5076658,0.861554081
52025,5,2025,LF7002_A7_TORCH,A7,,,135384,306.9931973,9665,21.91609977,421,47162,1178,100,1323,0.5076658,0.861554081
52025,5,2025,YUVA_STAR,YUVA,,,35570,59.31628683,18381,30.6520289,2349,35570,1628,100,1799,0.5076658,0.861554081
62025,6,2025,A1_JOSH_BOL,JOSH,,,464803,178.6329746,80668,31.00230592,6093,84683,11476,100,18214,0.596367359,0.802711638
62025,6,2025,LAVA_A3VIBE,A3,,,192741,243.491608,8373,10.57769356,267,56666,4261,100,5541,0.596367359,0.802711638
62025,6,2025,LF7002_A7_TORCH,A7,,,134760,311.0187933,12347,28.49620837,1260,47044,2479,100,3033,0.596367359,0.802711638
62025,6,2025,YUVA_STAR,YUVA,,,35576,57.42033664,15731,25.39013143,3097,35576,3697,100,4337,0.596367359,0.802711638
72025,7,2025,A1_JOSH_BOL,JOSH,,,458736,165.0893013,73875,26.58603671,5332,84281,12160,100,19451,0.678311836,0.734774151
72025,7,2025,LAVA_A3VIBE,A3,,,188406,255.688639,7837,10.63571152,335,55986,4103,100,5158,0.678311836,0.734774151
72025,7,2025,LF7002_A7_TORCH,A7,,,133627,272.4698514,11615,23.68336732,1286,46923,2751,100,3433,0.678311836,0.734774151
72025,7,2025,YUVA_STAR,YUVA,,,40204,61.20661157,10457,15.91974772,7580,40204,3970,100,4598,0.678311836,0.734774151
82025,8,2025,A1_JOSH_BOL,JOSH,,,453223,171.8706864,63685,24.15054987,5111,83911,11398,100,18459,0.75257077,0.658511379
82025,8,2025,LAVA_A3VIBE,A3,,,184486,262.8005698,7325,10.43447293,338,55348,3882,100,4914,0.75257077,0.658511379
82025,8,2025,LF7002_A7_TORCH,A7,,,132997,296.4901274,9386,20.92420382,1364,46763,2570,100,3140,0.75257077,0.658511379
82025,8,2025,YUVA_STAR,YUVA,,,38812,60.75223614,8002,12.52549195,2739,38812,3878,100,4472,0.75257077,0.658511379
92025,9,2025,A1_JOSH_BOL,JOSH,,,446760,168.4706136,70727,26.67074288,5296,83734,11391,100,18563,0.818302776,0.57478741
92025,9,2025,LAVA_A3VIBE,A3,,,180815,288.2498292,6174,9.842404919,428,54804,3451,100,4391,0.818302776,0.57478741
92025,9,2025,LF7002_A7_TORCH,A7,,,131870,320.1838363,7718,18.73950746,999,46600,2341,100,2883,0.818302776,0.57478741
92025,9,2025,YUVA_STAR,YUVA,,,37342,65.00721214,8935,15.55458841,2794,37342,3555,100,4021,0.818302776,0.57478741
102025,10,2025,A1_JOSH_BOL,JOSH,,,443798,164.2566489,81255,30.07375879,4512,83183,11544,100,18913,0.874763085,0.48455087
102025,10,2025,LAVA_A3VIBE,A3,,,177683,288.7142526,7423,12.06151346,351,54203,3462,100,4308,0.874763085,0.48455087
102025,10,2025,LF7002_A7_TORCH,A7,,,130271,303.3589488,6446,15.01064538,768,46236,2524,100,3006,0.874763085,0.48455087
102025,10,2025,YUVA_STAR,YUVA,,,35648,64.16456673,10045,18.08048341,1912,35648,3404,100,3889,0.874763085,0.48455087
112025,11,2025,A1_JOSH_BOL,JOSH,,,445308,181.9174788,77546,31.67913627,5103,82933,10539,100,17135,0.921311978,0.388824175
112025,11,2025,LAVA_A3VIBE,A3,,,174851,319.8215312,7162,13.10007839,276,53655,3100,100,3827,0.921311978,0.388824175
112025,11,2025,LF7002_A7_TORCH,A7,,,128464,320.1310075,5918,14.74759701,523,45842,2351,100,2809,0.921311978,0.388824175
112025,11,2025,YUVA_STAR,YUVA,,,34607,53.91698197,8386,13.06521255,2755,34607,3820,100,4493,0.921311978,0.388824175
122025,12,2025,A1_JOSH_BOL,JOSH,,,441225,161.2917124,69968,25.57710585,4288,82603,11308,100,19149,0.957422038,0.288691947
122025,12,2025,LAVA_A3VIBE,A3,,,172012,301.0962741,6354,11.12228057,294,53117,3106,100,3999,0.957422038,0.288691947
122025,12,2025,LF7002_A7_TORCH,A7,,,126719,321.9720508,5309,13.4892922,439,45438,2266,100,2755,0.957422038,0.288691947
122025,12,2025,YUVA_STAR,YUVA,,,34060,53.38557994,6901,10.81661442,3343,34060,3756,100,4466,0.957422038,0.288691947
132025,13,2025,A1_JOSH_BOL,JOSH,,,439397,169.9607117,66604,25.7627231,4697,82478,10853,100,18097,0.982684125,0.185288724
132025,13,2025,LAVA_A3VIBE,A3,,,169134,310.2562893,5774,10.59171908,260,52569,3007,100,3816,0.982684125,0.185288724
132025,13,2025,LF7002_A7_TORCH,A7,,,126814,328.1693161,17567,45.45988909,1098,45302,2199,100,2705,0.982684125,0.185288724
132025,13,2025,YUVA_STAR,YUVA,,,32408,62.51198677,6243,12.04216037,1756,32408,3173,100,3629,0.982684125,0.185288724
142025,14,2025,A1_JOSH_BOL,JOSH,,,437277,193.5996163,66408,29.40141677,2241,82568,4893,100,6776,0.996812007,0.079786106
142025,14,2025,LAVA_A3VIBE,A3,,,168078,371.8539823,5627,12.44911504,78,52382,1177,100,1356,0.996812007,0.079786106
142025,14,2025,LF7002_A7_TORCH,A7,,,127004,331.8919861,17345,45.32665505,566,45302,953,100,1148,0.996812007,0.079786106
142025,14,2025,YUVA_STAR,YUVA,,,31416,61.51958225,5941,11.63381201,579,31416,1411,100,1532,0.996812007,0.079786106
152025,15,2025,A1_JOSH_BOL,JOSH,,,434025,181.1888717,64139,26.77558445,5006,82328,10327,100,16768,0.999645611,-0.026620521
152025,15,2025,LAVA_A3VIBE,A3,,,165835,339.0318341,4683,9.573890187,364,51933,2737,100,3424,0.999645611,-0.026620521
152025,15,2025,LF7002_A7_TORCH,A7,,,128332,285.9083386,13877,30.91629535,2061,45484,2357,100,3142,0.999645611,-0.026620521
152025,15,2025,YUVA_STAR,YUVA,,,30049,58.98569826,7505,14.73219293,2135,30049,3065,100,3566,0.999645611,-0.026620521
162025,16,2025,A1_JOSH_BOL,JOSH,,,432287,173.112643,61490,24.62414188,6036,82215,10654,100,17480,0.991152831,-0.132725527
162025,16,2025,LAVA_A3VIBE,A3,,,163474,343.9489029,3894,8.192966637,256,51462,2696,100,3327,0.991152831,-0.132725527
162025,16,2025,LF7002_A7_TORCH,A7,,,128556,271.7885835,13635,28.82663848,1484,45429,2489,100,3311,0.991152831,-0.132725527
162025,16,2025,YUVA_STAR,YUVA,,,29755,58.13145409,6935,13.5487022,2845,29755,3063,100,3583,0.991152831,-0.132725527
172025,17,2025,A1_JOSH_BOL,JOSH,,,431520,167.6829133,54182,21.05440213,6833,82157,10929,100,18014,0.971429893,-0.2373267
172025,17,2025,LAVA_A3VIBE,A3,,,161028,346.0841265,3430,7.371814553,233,50980,2645,100,3257,0.971429893,-0.2373267
172025,17,2025,LF7002_A7_TORCH,A7,,,129426,266.9363583,12978,26.76664702,1945,45663,2495,100,3394,0.971429893,-0.2373267
172025,17,2025,YUVA_STAR,YUVA,,,29409,59.87870855,5745,11.69720768,2578,29409,2965,100,3438,0.971429893,-0.2373267
182025,18,2025,A1_JOSH_BOL,JOSH,,,428011,168.5746357,48820,19.22804254,5332,82015,10846,100,17773,0.940700267,-0.339238866
182025,18,2025,LAVA_A3VIBE,A3,,,158160,362.0405494,3446,7.888162198,241,50525,2515,100,3058,0.940700267,-0.339238866
182025,18,2025,LF7002_A7_TORCH,A7,,,129656,282.2992224,12593,27.41866252,1598,45681,2448,100,3215,0.940700267,-0.339238866
182025,18,2025,YUVA_STAR,YUVA,,,28623,63.54614653,4706,10.44782747,2081,28623,2740,100,3153,0.940700267,-0.339238866
192025,19,2025,A1_JOSH_BOL,JOSH,,,427447,168.0876917,49080,19.30003932,2217,82061,3861,100,5086,0.89931213,-0.43730732
192025,19,2025,LAVA_A3VIBE,A3,,,157567,389.054321,3295,8.135802469,101,50412,723,100,810,0.89931213,-0.43730732
192025,19,2025,LF7002_A7_TORCH,A7,,,130014,280.5048544,12355,26.65587918,606,45810,754,100,927,0.89931213,-0.43730732
192025,19,2025,YUVA_STAR,YUVA,,,28317,61.42516269,4323,9.377440347,652,28317,841,100,922,0.89931213,-0.43730732
202025,20,2025,A1_JOSH_BOL,JOSH,,,425564,161.9521583,50258,19.12612809,4123,81510,11185,100,18394,0.847734428,-0.530420908
202025,20,2025,LAVA_A3VIBE,A3,,,155041,360.0819509,2911,6.760783013,207,49900,2503,100,3014,0.847734428,-0.530420908
202025,20,2025,LF7002_A7_TORCH,A7,,,129294,253.0922819,11989,23.46840045,1295,45496,2678,100,3576,0.847734428,-0.530420908
202025,20,2025,YUVA_STAR,YUVA,,,26685,58.10108865,3758,8.182270607,2191,26685,2653,100,3215,0.847734428,-0.530420908
212025,21,2025,A1_JOSH_BOL,JOSH,,,425515,160.5543877,47346,17.864489,4779,81062,11271,100,18552,0.786551556,-0.617524615
212025,21,2025,LAVA_A3VIBE,A3,,,152657,370.3982669,2569,6.233275563,245,49415,2335,100,2885,0.786551556,-0.617524615
212025,21,2025,LF7002_A7_TORCH,A7,,,129057,257.5988024,10338,20.63473054,1321,45262,2626,100,3507,0.786551556,-0.617524615
212025,21,2025,YUVA_STAR,YUVA,,,24980,53.18126521,2699,5.746046229,1472,24980,2610,100,3288,0.786551556,-0.617524615
222025,22,2025,A1_JOSH_BOL,JOSH,,,423357,153.4219818,43326,15.70107683,4463,80657,11313,100,19316,0.71645674,-0.697631521
222025,22,2025,LAVA_A3VIBE,A3,,,150198,356.885947,3431,8.152410048,156,48956,2425,100,2946,0.71645674,-0.697631521
222025,22,2025,LF7002_A7_TORCH,A7,,,128581,253.54,8383,16.52985915,1172,45103,2648,100,3550,0.71645674,-0.697631521
222025,22,2025,YUVA_STAR,YUVA,,,23675,55.89376054,2022,4.773693086,847,23675,2309,100,2965,0.71645674,-0.697631521
232025,23,2025,A1_JOSH_BOL,JOSH,,,420908,159.4521052,41251,15.62707003,4267,80185,10746,100,18478,0.638244184,-0.769833983
232025,23,2025,LAVA_A3VIBE,A3,,,149282,402.3773585,2280,6.145552561,145,48492,2153,100,2597,0.638244184,-0.769833983
232025,23,2025,LF7002_A7_TORCH,A7,,,127248,260.8304539,7020,14.38945827,805,44777,2546,100,3415,0.638244184,-0.769833983
232025,23,2025,YUVA_STAR,YUVA,,,21413,55.9712472,1845,4.822628827,536,21413,1883,100,2678,0.638244184,-0.769833983
242025,24,2025,A1_JOSH_BOL,JOSH,,,421791,159.1864385,39219,14.80148446,2749,80178,5383,100,7949,0.552800065,-0.833313919
242025,24,2025,LAVA_A3VIBE,A3,,,148322,395.1740675,2444,6.511545293,70,48265,1021,100,1126,0.552800065,-0.833313919
242025,24,2025,LF7002_A7_TORCH,A7,,,127090,258.1381178,6463,13.12728504,474,44688,1205,100,1477,0.552800065,-0.833313919
242025,24,2025,YUVA_STAR,YUVA,,,20416,45.43620178,1486,3.307121662,264,20416,775,100,1348,0.552800065,-0.833313919
252025,25,2025,A1_JOSH_BOL,JOSH,,,416014,158.2575947,46784,17.79729363,3669,79769,10536,100,18401,0.461092501,-0.887352075
252025,25,2025,LAVA_A3VIBE,A3,,,146125,404.298419,2226,6.158893281,93,47806,2101,100,2530,0.461092501,-0.887352075
252025,25,2025,LF7002_A7_TORCH,A7,,,125271,256.1779141,8792,17.9795501,707,44318,2610,100,3423,0.461092501,-0.887352075
252025,25,2025,YUVA_STAR,YUVA,,,18500,62.0210728,1621,5.434386973,358,18500,1646,100,2088,0.461092501,-0.887352075
262025,26,2025,A1_JOSH_BOL,JOSH,,,419794,157.3356535,41529,15.56475879,5798,79631,10664,100,18677,0.364160575,-0.931336177
262025,26,2025,LAVA_A3VIBE,A3,,,143941,413.9634347,2034,5.849630238,88,47319,1992,100,2434,0.364160575,-0.931336177
262025,26,2025,LF7002_A7_TORCH,A7,,,125745,275.239212,7790,17.05128205,1282,44266,2501,100,3198,0.364160575,-0.931336177
262025,26,2025,YUVA_STAR,YUVA,,,16900,56.68423575,1272,4.266411116,434,16900,1520,100,2087,0.364160575,-0.931336177
272025,27,2025,A1_JOSH_BOL,JOSH,,,415976,144.2643678,38050,13.19609592,3897,79337,11016,100,20184,0.263102564,-0.964767869
272025,27,2025,LAVA_A3VIBE,A3,,,142243,381.494636,2173,5.827969349,117,46898,2154,100,2610,0.263102564,-0.964767869
272025,27,2025,LF7002_A7_TORCH,A7,,,125234,256.0274533,8101,16.56162383,1017,44043,2659,100,3424,0.263102564,-0.964767869
272025,27,2025,YUVA_STAR,YUVA,,,15747,67.2538133,1527,6.521659549,431,15747,1288,100,1639,0.263102564,-0.964767869
282025,28,2025,A1_JOSH_BOL,JOSH,,,412191,141.0095299,31276,10.69944287,3580,79013,11100,100,20462,0.159063496,-0.987268355
282025,28,2025,LAVA_A3VIBE,A3,,,140166,397.0708215,2502,7.087818697,76,46438,2014,100,2471,0.159063496,-0.987268355
282025,28,2025,LF7002_A7_TORCH,A7,,,124712,255.78201,7980,16.3668327,1098,43886,2651,100,3413,0.159063496,-0.987268355
282025,28,2025,YUVA_STAR,YUVA,,,14424,50.89112903,1604,5.659274194,488,14424,1367,100,1984,0.159063496,-0.987268355
292025,29,2025,A1_JOSH_BOL,JOSH,,,411916,154.8265364,32222,12.11125728,1311,78937,3753,100,5321,0.053222175,-0.998582696
292025,29,2025,LAVA_A3VIBE,A3,,,139576,416.6447761,2475,7.388059701,5,46318,562,100,670,0.053222175,-0.998582696
292025,29,2025,LF7002_A7_TORCH,A7,,,124996,275.6251378,7667,16.90628445,417,43903,782,100,907,0.053222175,-0.998582696
292025,29,2025,YUVA_STAR,YUVA,,,13515,24.46153846,1850,3.34841629,145,13515,549,100,1105,0.053222175,-0.998582696
302025,30,2025,A1_JOSH_BOL,JOSH,,,402918,142.388227,38727,13.68583401,4422,78542,10601,100,19808,-0.053222175,-0.998582696
302025,30,2025,LAVA_A3VIBE,A3,,,138323,405.6392962,2092,6.134897361,72,45835,1890,100,2387,-0.053222175,-0.998582696
302025,30,2025,LF7002_A7_TORCH,A7,,,124117,241.1376631,9156,17.78850958,1375,43742,2712,100,3603,-0.053222175,-0.998582696
302025,30,2025,YUVA_STAR,YUVA,,,12979,72.50837989,1947,10.87709497,476,12979,1006,100,1253,-0.053222175,-0.998582696
312025,31,2025,A1_JOSH_BOL,JOSH,,,402898,145.6608821,36811,13.30838756,6561,78619,10492,100,19362,-0.159063496,-0.987268355
312025,31,2025,LAVA_A3VIBE,A3,,,138010,396.4177267,2621,7.52851867,101,45402,1845,100,2437,-0.159063496,-0.987268355
312025,31,2025,LF7002_A7_TORCH,A7,,,124060,236.8848882,7695,14.69312602,1797,43877,2683,100,3666,-0.159063496,-0.987268355
312025,31,2025,YUVA_STAR,YUVA,,,12265,65.94086022,1600,8.602150538,489,12265,1056,100,1302,-0.159063496,-0.987268355
322025,32,2025,A1_JOSH_BOL,JOSH,,,398335,146.1396751,40941,15.02028302,4885,78476,10410,100,19080,-0.263102564,-0.964767869
322025,32,2025,LAVA_A3VIBE,A3,,,137042,420.558527,2040,6.2604121,293,45143,1649,100,2281,-0.263102564,-0.964767869
322025,32,2025,LF7002_A7_TORCH,A7,,,123373,237.3862012,5831,11.21962617,1260,43784,2756,100,3638,-0.263102564,-0.964767869
322025,32,2025,YUVA_STAR,YUVA,,,11565,78.67346939,1423,9.680272109,269,11565,849,100,1029,-0.263102564,-0.964767869
332025,33,2025,A1_JOSH_BOL,JOSH,,,395635,163.9015802,38307,15.86962183,4227,78391,9406,100,16897,-0.364160575,-0.931336177
332025,33,2025,LAVA_A3VIBE,A3,,,136031,476.5850851,2127,7.451951952,73,44792,1435,100,1998,-0.364160575,-0.931336177
332025,33,2025,LF7002_A7_TORCH,A7,,,121739,261.0824142,4725,10.13327206,761,43478,2538,100,3264,-0.364160575,-0.931336177
332025,33,2025,YUVA_STAR,YUVA,,,10954,84.91472868,1373,10.64341085,223,10954,747,100,903,-0.364160575,-0.931336177
342025,34,2025,A1_JOSH_BOL,JOSH,,,397267,174.5972751,33366,14.66422502,2437,78551,4701,100,6826,-0.461092501,-0.887352075
342025,34,2025,LAVA_A3VIBE,A3,,,135338,466.6827586,1957,6.748275862,52,44662,669,100,870,-0.461092501,-0.887352075
342025,34,2025,LF7002_A7_TORCH,A7,,,121402,278.6579954,3954,9.075745983,357,43418,1113,100,1307,-0.461092501,-0.887352075
342025,34,2025,YUVA_STAR,YUVA,,,10779,89.825,1227,10.225,196,10779,313,100,360,-0.461092501,-0.887352075
352025,35,2025,A1_JOSH_BOL,JOSH,,,391999,162.4241151,41134,17.04380253,4252,78268,9676,100,16894,-0.552800065,-0.833313919
352025,35,2025,LAVA_A3VIBE,A3,,,134165,454.7966102,1394,4.725423729,54,44317,1492,100,2065,-0.552800065,-0.833313919
352025,35,2025,LF7002_A7_TORCH,A7,,,119220,254.3553795,3383,7.21761658,490,43035,2523,100,3281,-0.552800065,-0.833313919
352025,35,2025,YUVA_STAR,YUVA,,,10166,79.86756453,948,7.447811448,283,10166,733,100,891,-0.552800065,-0.833313919
362025,36,2025,A1_JOSH_BOL,JOSH,,,392854,144.8576696,33558,12.37389381,6275,78422,10623,100,18984,-0.638244184,-0.769833983
362025,36,2025,LAVA_A3VIBE,A3,,,132216,421.4535519,1303,4.153460838,40,43958,1563,100,2196,-0.638244184,-0.769833983
362025,36,2025,LF7002_A7_TORCH,A7,,,116989,245.7752101,2870,6.029411765,426,42616,2562,100,3332,-0.638244184,-0.769833983
362025,36,2025,YUVA_STAR,YUVA,,,9358,69.31851852,844,6.251851852,163,9358,782,100,945,-0.638244184,-0.769833983
372025,37,2025,A1_JOSH_BOL,JOSH,,,390034,156.0581881,31240,12.49957131,5411,78366,10005,100,17495,-0.71645674,-0.697631521
372025,37,2025,LAVA_A3VIBE,A3,,,130453,470.706701,1819,6.563402062,93,43656,1363,100,1940,-0.71645674,-0.697631521
372025,37,2025,LF7002_A7_TORCH,A7,,,114688,280.803078,2284,5.592165093,337,42155,2252,100,2859,-0.71645674,-0.697631521
372025,37,2025,YUVA_STAR,YUVA,,,8824,82.02921647,624,5.800796813,168,8824,636,100,753,-0.71645674,-0.697631521
382025,38,2025,A1_JOSH_BOL,JOSH,,,387780,170.6670858,28525,12.55422823,4750,78338,9306,100,15905,-0.786551556,-0.617524615
382025,38,2025,LAVA_A3VIBE,A3,,,129697,538.4810202,1122,4.658362989,91,43372,1259,100,1686,-0.786551556,-0.617524615
382025,38,2025,LF7002_A7_TORCH,A7,,,112804,317.6299276,2015,5.67377313,231,41713,2044,100,2486,-0.786551556,-0.617524615
382025,38,2025,YUVA_STAR,YUVA,,,8425,94.66292135,589,6.617977528,151,8425,519,100,623,-0.786551556,-0.617524615
392025,39,2025,A1_JOSH_BOL,JOSH,,,388866,181.8263716,25701,12.0173005,2623,78562,4548,100,6416,-0.847734428,-0.530420908
392025,39,2025,LAVA_A3VIBE,A3,,,129091,572.8890533,1084,4.810650888,58,43252,549,100,676,-0.847734428,-0.530420908
392025,39,2025,LF7002_A7_TORCH,A7,,,112032,341.2142132,1855,5.649746193,114,41564,857,100,985,-0.847734428,-0.530420908
392025,39,2025,YUVA_STAR,YUVA,,,8257,83.96949153,462,4.698305085,173,8257,254,100,295,-0.847734428,-0.530420908
402025,40,2025,A1_JOSH_BOL,JOSH,,,386288,180.0396831,35572,16.57926626,4869,78354,9240,100,15019,-0.89931213,-0.43730732
402025,40,2025,LAVA_A3VIBE,A3,,,127681,567.8316391,1158,5.149936468,30,42947,1205,100,1574,-0.89931213,-0.43730732
402025,40,2025,LF7002_A7_TORCH,A7,,,110354,369.2533461,1815,6.073135755,142,41227,1746,100,2092,-0.89931213,-0.43730732
402025,40,2025,YUVA_STAR,YUVA,,,7866,124.0135135,416,6.558558559,56,7866,394,100,444,-0.89931213,-0.43730732
412025,41,2025,A1_JOSH_BOL,JOSH,,,387476,168.3423535,31782,13.80796922,5280,78230,9555,100,16112,-0.940700267,-0.339238866
412025,41,2025,LAVA_A3VIBE,A3,,,126330,567.2289929,1120,5.028864657,31,42657,1148,100,1559,-0.940700267,-0.339238866
412025,41,2025,LF7002_A7_TORCH,A7,,,108844,367.8937711,1975,6.675519073,106,40829,1742,100,2071,-0.940700267,-0.339238866
412025,41,2025,YUVA_STAR,YUVA,,,7405,109.8199153,396,5.872881356,61,7405,417,100,472,-0.940700267,-0.339238866
422025,42,2025,A1_JOSH_BOL,JOSH,,,389336,181.3636787,29350,13.67205696,4753,78100,9079,100,15027,-0.971429893,-0.2373267
422025,42,2025,LAVA_A3VIBE,A3,,,125282,639.6601021,1253,6.397520058,37,42379,1056,100,1371,-0.971429893,-0.2373267
422025,42,2025,LF7002_A7_TORCH,A7,,,107794,422.0123043,1545,6.048657718,136,40494,1498,100,1788,-0.971429893,-0.2373267
422025,42,2025,YUVA_STAR,YUVA,,,7046,129.1151832,371,6.798429319,61,7046,343,100,382,-0.971429893,-0.2373267
432025,43,2025,A1_JOSH_BOL,JOSH,,,387341,198.403849,32646,16.72193766,3701,78007,8456,100,13666,-0.991152831,-0.132725527
432025,43,2025,LAVA_A3VIBE,A3,,,125050,725.2278376,926,5.370339685,46,42169,921,100,1207,-0.991152831,-0.132725527
432025,43,2025,LF7002_A7_TORCH,A7,,,106545,455.8771394,1290,5.519559902,82,40136,1413,100,1636,-0.991152831,-0.132725527
432025,43,2025,YUVA_STAR,YUVA,,,6779,137.1473988,449,9.083815029,317,6779,310,100,346,-0.991152831,-0.132725527
442025,44,2025,A1_JOSH_BOL,JOSH,,,393432,214.2292404,27766,15.11897631,2577,78238,2813,100,3673,-0.999645611,-0.026620521
442025,44,2025,LAVA_A3VIBE,A3,,,124825,805.3225806,865,5.580645161,30,42121,268,100,310,-0.999645611,-0.026620521
442025,44,2025,LF7002_A7_TORCH,A7,,,106286,501.3490566,1134,5.349056604,48,40058,391,100,424,-0.999645611,-0.026620521
442025,44,2025,YUVA_STAR,YUVA,,,6731,154.7356322,425,9.770114943,87,6731,75,100,87,-0.999645611,-0.026620521
452025,45,2025,A1_JOSH_BOL,JOSH,,,389836,203.6912742,31492,16.45472867,3492,78027,8177,100,13397,-0.996812007,0.079786106
452025,45,2025,LAVA_A3VIBE,A3,,,123816,780.8216216,924,5.827027027,13,41919,852,100,1110,-0.996812007,0.079786106
452025,45,2025,LF7002_A7_TORCH,A7,,,104937,522.0746269,1119,5.567164179,21,39761,1210,100,1407,-0.996812007,0.079786106
452025,45,2025,YUVA_STAR,YUVA,,,6497,159.0174825,436,10.67132867,50,6497,258,100,286,-0.996812007,0.079786106
462025,46,2025,A1_JOSH_BOL,JOSH,,,390821,229.0861665,31863,18.67702227,5781,78308,7532,100,11942,-0.982684125,0.185288724
462025,46,2025,LAVA_A3VIBE,A3,,,123014,859.3792415,893,6.238522954,23,41720,805,100,1002,-0.982684125,0.185288724
462025,46,2025,LF7002_A7_TORCH,A7,,,103815,579.0478088,1057,5.89561753,68,39517,1076,100,1255,-0.982684125,0.185288724
462025,46,2025,YUVA_STAR,YUVA,,,6422,159.4113475,510,12.65957447,201,6422,244,100,282,-0.982684125,0.185288724
472025,47,2025,A1_JOSH_BOL,JOSH,,,388467,180.8986828,23200,10.80361895,4276,78258,9013,100,15032,-0.957422038,0.288691947
472025,47,2025,LAVA_A3VIBE,A3,,,122301,942.8491189,842,6.491189427,7,41530,702,100,908,-0.957422038,0.288691947
472025,47,2025,LF7002_A7_TORCH,A7,,,102540,502.9992992,1006,4.934828311,21,39200,1212,100,1427,-0.957422038,0.288691947
472025,47,2025,YUVA_STAR,YUVA,,,6132,96.02684564,375,5.872483221,126,6132,375,100,447,-0.957422038,0.288691947
482025,48,2025,A1_JOSH_BOL,JOSH,,,381666,189.1308226,16766,8.308225966,2876,77950,8539,100,14126,-0.921311978,0.388824175
482025,48,2025,LAVA_A3VIBE,A3,,,121370,852.1464393,885,6.213640923,15,41323,769,100,997,-0.921311978,0.388824175
482025,48,2025,LF7002_A7_TORCH,A7,,,101421,583.8379934,1009,5.808388158,62,38953,1049,100,1216,-0.921311978,0.388824175
482025,48,2025,YUVA_STAR,YUVA,,,5952,148.2704626,275,6.850533808,104,5952,261,100,281,-0.921311978,0.388824175
492025,49,2025,A1_JOSH_BOL,JOSH,,,383285,202.4749076,13523,7.143687269,1863,78028,4099,100,5679,-0.874763085,0.48455087
492025,49,2025,LAVA_A3VIBE,A3,,,123593,852.3655172,841,5.8,13,41478,365,100,435,-0.874763085,0.48455087
492025,49,2025,LF7002_A7_TORCH,A7,,,102652,613.4581673,1076,6.430278884,38,39003,462,100,502,-0.874763085,0.48455087
492025,49,2025,YUVA_STAR,YUVA,,,5912,177.36,232,6.96,88,5912,96,100,100,-0.874763085,0.48455087
502025,50,2025,A1_JOSH_BOL,JOSH,,,375324,208.6126727,10205,5.672145466,1387,77525,7952,100,12594,-0.818302776,0.57478741
502025,50,2025,LAVA_A3VIBE,A3,,,122753,917.0448239,940,7.022411953,10,41282,743,100,937,-0.818302776,0.57478741
502025,50,2025,LF7002_A7_TORCH,A7,,,101715,655.0183993,1061,6.832566697,37,38730,963,100,1087,-0.818302776,0.57478741
502025,50,2025,YUVA_STAR,YUVA,,,5704,162.9714286,217,6.2,52,5704,217,100,245,-0.818302776,0.57478741
512025,51,2025,A1_JOSH_BOL,JOSH,,,366449,217.403424,7808,4.632256971,1203,77054,7638,100,11799,-0.75257077,0.658511379
512025,51,2025,LAVA_A3VIBE,A3,,,122080,940.110011,797,6.137513751,11,41090,693,100,909,-0.75257077,0.658511379
512025,51,2025,LF7002_A7_TORCH,A7,,,100820,714.3117409,1027,7.276315789,25,38496,897,100,988,-0.75257077,0.658511379
512025,51,2025,YUVA_STAR,YUVA,,,5531,154.868,177,4.956,76,5531,230,100,250,-0.75257077,0.658511379
522025,52,2025,A1_JOSH_BOL,JOSH,,,357966,243.4196619,7406,5.036137556,719,76609,6878,100,10294,-0.678311836,0.734774151
522025,52,2025,LAVA_A3VIBE,A3,,,121356,1018.57554,715,6.001199041,25,40901,641,100,834,-0.678311836,0.734774151
522025,52,2025,LF7002_A7_TORCH,A7,,,99977,781.0703125,1433,11.1953125,26,38288,775,100,896,-0.678311836,0.734774151
522025,52,2025,YUVA_STAR,YUVA,,,5357,164.4692982,130,3.99122807,92,5357,209,100,228,-0.678311836,0.734774151
532025,53,2025,A1_JOSH_BOL,JOSH,,,350747,263.776214,6500,4.888268156,538,76155,6351,100,9308,-0.596367359,0.802711638
532025,53,2025,LAVA_A3VIBE,A3,,,120539,1004.491667,778,6.483333333,35,40748,630,100,840,-0.596367359,0.802711638
532025,53,2025,LF7002_A7_TORCH,A7,,,99212,773.3674833,1337,10.422049,55,38100,791,100,898,-0.596367359,0.802711638
532025,53,2025,YUVA_STAR,YUVA,,,5156,172.6889952,120,4.019138756,66,5156,194,100,209,-0.596367359,0.802711638
542025,54,2025,A1_JOSH_BOL,JOSH,,,349023,309.0066401,6066,5.370517928,244,76059,1846,100,2259,-0.5076658,0.861554081
542025,54,2025,LAVA_A3VIBE,A3,,,120377,1407.918129,770,9.005847953,19,40722,147,100,171,-0.5076658,0.861554081
542025,54,2025,LF7002_A7_TORCH,A7,,,99020,966.0487805,1325,12.92682927,34,38058,193,100,205,-0.5076658,0.861554081
542025,54,2025,YUVA_STAR,YUVA,,,5117,208.8571429,111,4.530612245,19,5117,46,100,49,-0.5076658,0.861554081
552025,55,2025,A1_JOSH_BOL,JOSH,,,342035,298.720524,5306,4.634061135,446,75629,5626,100,8015,-0.413212186,0.910634773
552025,55,2025,LAVA_A3VIBE,A3,,,119668,1125.908602,834,7.846774194,8,40574,590,100,744,-0.413212186,0.910634773
552025,55,2025,LF7002_A7_TORCH,A7,,,98499,925.4939597,1159,10.88993289,27,37881,673,100,745,-0.413212186,0.910634773
552025,55,2025,YUVA_STAR,YUVA,,,4905,147.360515,103,3.094420601,46,4905,216,100,233,-0.413212186,0.910634773
562025,56,2025,A1_JOSH_BOL,JOSH,,,335640,312.0159363,4653,4.325498008,334,75245,5352,100,7530,-0.314076712,0.949397608
562025,56,2025,LAVA_A3VIBE,A3,,,119120,1280.860215,771,8.290322581,9,40440,513,100,651,-0.314076712,0.949397608
562025,56,2025,LF7002_A7_TORCH,A7,,,97925,989.1414141,1329,13.42424242,35,37748,616,100,693,-0.314076712,0.949397608
562025,56,2025,YUVA_STAR,YUVA,,,4655,119.3589744,78,2,49,4655,247,100,273,-0.314076712,0.949397608
572025,57,2025,A1_JOSH_BOL,JOSH,,,4382,7.728395062,4580,8.077601411,11,74000,1001,100,1134,-0.211382624,0.97740339
572025,57,2025,LAVA_A3VIBE,A3,,,119000,2144.144144,700,12.61261261,1,40000,101,100,111,-0.211382624,0.97740339
572025,57,2025,LF7002_A7_TORCH,A7,,,96500,1531.746032,1300,20.63492063,2,37700,119,100,126,-0.211382624,0.97740339
572025,57,2025,YUVA_STAR,YUVA,,,96374,2569.973333,70,1.866666667,12,4500,73,100,75,-0.211382624,0.97740339
